id,item_group_id,title,description,availability,condition,price,link,image_link,brand
UK_B0BZPGD42Y_7130ae50b0,UK_B0BZPGD42Y,(UK)🇬🇧英国水平仪,"Keyword: SlopeMaster ProGreen Reader
Store: Amazon
remark: Need Text Review
Style Name: Poker Chip
Colour: Black",in stock,new,0.00 GBP,https://amzn.to/3MvoT7K,https://m.media-amazon.com/images/I/61kxAEHfpDL._AC_SX425_.jpg,Amazon
UK_B0D3V33VCR_7606793d44,UK_B0D3V33VCR,(UK)🇬🇧英国牙刷负面,"Keyword: philips sonicare toothbrush heads
Store: WanErUKshop
remark: need 1 star bad review",in stock,new,0.00 GBP,https://amzn.to/4tbJy1y,"https://m.media-amazon.com/images/I/71R34IhlCfL._AC_SX679_PIbundle-8,TopRight,0,0_SH20_.jpg",WanErUKshop
UK_B0DS8FV69P_f35274d46a,UK_B0DS8FV69P,(UK)🇬🇧英国扳手工具,"Keyword: Tap Spanner Tool
Store: zhilingDingHua
remark: Need Text Review",in stock,new,0.00 GBP,https://amzn.to/4onN1Gy,https://m.media-amazon.com/images/I/71SLKGHldvL._AC_SX679_.jpg,zhilingDingHua
UK_B0DS8HHPMN_2467e48c15,UK_B0DS8HHPMN,(UK)🇬🇧英国扳手工具,"Keyword: Tap Spanner Tool
Store: zhilingDingHua
remark: Need Text Review",in stock,new,0.00 GBP,https://amzn.to/3XkKzpe,https://m.media-amazon.com/images/I/714T2GMdHvL._AC_SX679_.jpg,zhilingDingHua
UK_B0DSVFXRVP_df172d9e67,UK_B0DSVFXRVP,(UK)🇬🇧英国温度计,"Keyword: Reptile Thermometer and Hygrometer
Store: IGEAIIE London Store
remark: Need Text Review",in stock,new,0.00 GBP,https://www.amazon.co.uk/dp/B0DSVFXRVP,https://m.media-amazon.com/images/I/61h8sQsXmKL._SX522_.jpg,IGEAIIE London Store
UK_B0DSVV991W_ae74e1726d,UK_B0DSVV991W,(UK)🇬🇧英国牙刷负面,"Keyword: philips sonicare toothbrush heads
Store: shenzhenrixunkeji
remark: need 1 star bad review",in stock,new,0.00 GBP,https://amzn.to/4rfrIc4,https://m.media-amazon.com/images/I/71ZZrQT9STL._AC_SX679_.jpg,shenzhenrixunkeji
UK_B0DZ6WLFFQ_dbca086c9b,UK_B0DZ6WLFFQ,(UK)🇬🇧英国扳手图评,"Keyword: 12 in 1 Faucet Wrench Tool
Store: XU GUOBIN shop
remark: Need Image Review",in stock,new,0.00 GBP,https://amzn.to/3LVgytQ,https://m.media-amazon.com/images/I/71sI+DQ6jGL._AC_SX569_.jpg,XU GUOBIN shop
UK_B0F2HMFQY3_9139ca3c46,UK_B0F2HMFQY3,(UK)🇬🇧英国水族箱温度计,"Keyword: aquarium thermometer
Store: bopiao
remark: Need Text Review",in stock,new,0.00 GBP,https://amzn.to/4dXvVfu,https://m.media-amazon.com/images/I/61a9URII4EL._SL1500_.jpg,bopiao
UK_B0F4MM4LWW_0a126a7eba,UK_B0F4MM4LWW,(UK)🇬🇧英国替换刀头,"Keyword: Replacement Nose Hair Trimmer Head for One Blade Shaver
Store: TAN YILIN SHOP
remark: Need Text Review",in stock,new,0.00 GBP,https://amzn.to/4kmng9q,https://m.media-amazon.com/images/I/61kvNJEDJOL._AC_SX425_.jpg,TAN YILIN SHOP
UK_B0F6TTZ1WH_3137dd5aa2,UK_B0F6TTZ1WH,(UK)🇬🇧英国乳膏图评,"Keyword: jock itch cream
Store: xiuluXiaoLongYu
remark: Need Image Review",in stock,new,0.00 GBP,https://amzn.to/49mZK75,"https://m.media-amazon.com/images/I/61ZEtsw5JcL._AC_SX425_PIbundle-2,TopRight,0,0_SH20_.jpg",xiuluXiaoLongYu
UK_B0F99BD4TL_24ce1f5c65,UK_B0F99BD4TL,(UK)🇬🇧英国床支撑腿,"Keyword: Bed Support Legs
Store: BBA TRANSPORT
remark: Need Text Review",in stock,new,0.00 GBP,https://amzn.to/3PK8UEr,https://m.media-amazon.com/images/I/61IjSF8AKJL._AC_SL1500_.jpg,BBA TRANSPORT
UK_B0FFYSGVSZ_bd9637e432,UK_B0FFYSGVSZ,(UK)🇬🇧英国香薰,"Keyword: Pernimon Dog Calming Diffuser 2-in-1 Soothing
Store: baopingfushi
remark: Need Text Review",in stock,new,0.00 GBP,https://amzn.to/4qeWsct,https://m.media-amazon.com/images/I/71NZ0siTcuL._AC_SX569_.jpg,baopingfushi
UK_B0FFZ2TN3W_d0a2bfb77a,UK_B0FFZ2TN3W,(UK)🇬🇧英国狗狗镇静咬嚼物,"Keyword: Pernimon Calming Chews for dog
Store: baopingfushi
remark: Need Text Review",in stock,new,0.00 GBP,https://amzn.to/3YkMoTI,https://m.media-amazon.com/images/I/81g4i+qTUsL._AC_SX679_.jpg,baopingfushi
UK_B0FFZ2Z59R_166cfaf0f5,UK_B0FFZ2Z59R,(UK)🇬🇧英国狗狗镇静咬嚼物,"Keyword: Pernimon Calming Chews for dog
Store: baopingfushi
remark: Need Text Review",in stock,new,0.00 GBP,https://amzn.to/45ClZ7E,https://m.media-amazon.com/images/I/81g4i+qTUsL._AC_SX679_.jpg,baopingfushi
UK_B0FGPGD9YQ_26672d7191,UK_B0FGPGD9YQ,(UK)🇬🇧英国镇静项圈,"Keyword: pernimon Calming Collar for Dogs Natural Pheromones
Store: baopingfushi
remark: Need Text Review",in stock,new,0.00 GBP,https://www.amazon.co.uk/Calming-Collar-Natural-Pheromones-Adjustable/dp/B0FGPGD9YQ,https://m.media-amazon.com/images/I/51Z43QJQW2L._AC_SL1500_.jpg,baopingfushi
UK_B0FGPPQ72Q_62019037e7,UK_B0FGPPQ72Q,(UK)🇬🇧英国 狗狗安抚项圈,"Keyword: pernimon calming collar for dogs
Store: baopingfushi
remark: Need Text Review",in stock,new,0.00 GBP,https://amzn.to/3YkMf2C,https://m.media-amazon.com/images/I/51Z43QJQW2L._AC_SX679_.jpg,baopingfushi
UK_B0FGPSN6Z1_95051abca6,UK_B0FGPSN6Z1,(UK)🇬🇧英国益生菌图评,"Keyword: Pernimon Probiotics for Dogs
Store: baopingfushi
remark: Need Image Review",in stock,new,0.00 GBP,https://amzn.to/49Ffkw7,https://m.media-amazon.com/images/I/713Moxm1B-L._AC_SX679_.jpg,baopingfushi
UK_B0FGPYGZDG_cfb6eb1487,UK_B0FGPYGZDG,(UK)🇬🇧英国狗狗益生菌图评,"Keyword: Pernimon Probiotics for Dogs
Store: baopingfushi
remark: Need Image Review",in stock,new,0.00 GBP,https://amzn.to/4k1MGJc,https://m.media-amazon.com/images/I/71135ltEPHL._AC_SX679_.jpg,baopingfushi
UK_B0FGQ13VJQ_c4d52e4c8c,UK_B0FGQ13VJQ,(UK)🇬🇧英国益生菌,"Keyword: Pernimon Probiotics for Dogs
Store: baopingfushi
remark: Need Text Review",in stock,new,0.00 GBP,https://amzn.to/45PmoUE,https://m.media-amazon.com/images/I/713Moxm1B-L._AC_SL1500_.jpg,baopingfushi
UK_B0FGQ5QRZQ_536faf16fb,UK_B0FGQ5QRZQ,(UK)🇬🇧英国 狗狗安抚项圈,"Keyword: pernimon calming collar for dogs
Store: baopingfushi
remark: Need Text Review",in stock,new,0.00 GBP,https://amzn.to/3NaswAb,https://m.media-amazon.com/images/I/51Z43QJQW2L._AC_SX679_.jpg,baopingfushi
UK_B0FHH2RWDS_ed41097332,UK_B0FHH2RWDS,(UK)🇬🇧英国石膏套,"Keyword: Hand Cast Cover
Store: xubeiQiQin
remark: Need Text Review",in stock,new,0.00 GBP,https://amzn.to/4inNOWs,https://m.media-amazon.com/images/I/71A3Y4OCdpL._SX522_.jpg,xubeiQiQin
UK_B0FN6YKGTR_dd9782f46a,UK_B0FN6YKGTR,(UK)🇬🇧英国差评退货佣金,"Keyword: 4G Senior Mobile Phones
Store: dengyuu
remark: Need Text Review
Need Text Review One-star review, requires return, payment of commission",in stock,new,0.00 GBP,https://amzn.to/4v4l2iW,https://m.media-amazon.com/images/I/51+caRwcP+L._AC_SL1200_.jpg,dengyuu
UK_B0FRMS96KF_47915b2f07,UK_B0FRMS96KF,(UK)🇬🇧英国负面佣金,"Keyword: stuffed animal storage
Store: verostorage
remark: Need Text Review,One-star review return, payment of commission",in stock,new,0.00 GBP,https://amzn.to/4ejDVYj,https://m.media-amazon.com/images/I/51+caRwcP+L._AC_SL1200_.jpg,verostorage
UK_B0FYLB51M5_1912843e99,UK_B0FYLB51M5,(UK)🇬🇧英国湿度计,"Keyword: reptile thermometer
Store: leidongyonglei
remark: Need Text Review",in stock,new,0.00 GBP,https://amzn.to/48FoOGV,https://m.media-amazon.com/images/I/61IB+1xbVDL._SL1500_.jpg,leidongyonglei
UK_B0G5XS75ZS_1df713080b,UK_B0G5XS75ZS,(UK)🇬🇧英国侣卡牌,"Keyword: Couples Game
Store: Gao Yuan UK Shop
remark: Need Text Review",in stock,new,0.00 GBP,https://amzn.to/4bx7dD0,https://m.media-amazon.com/images/I/610Vj5PZpOL._AC_SL1500_.jpg,Gao Yuan UK Shop
UK_B0G7GPWX3Z_6918d4697b,UK_B0G7GPWX3Z,(UK)🇬🇧英国喷雾,"Keyword: Pernimon Calming Spray for Dogs with Herbal Pheromones
Store: baopingfushi
remark: Need Text Review",in stock,new,0.00 GBP,https://amzn.to/49XO3Fo,https://m.media-amazon.com/images/I/61i40YCrvTL._AC_SL1500_.jpg,baopingfushi
UK_B0G7T7PTXT_25926fd30d,UK_B0G7T7PTXT,(UK)🇬🇧英国精油,"Keyword: Pernimon Calming Oil for Dogs with L-Tryptophan
Store: baopingfushi
remark: Need Text Review",in stock,new,0.00 GBP,https://amzn.to/4qlIeGO,https://m.media-amazon.com/images/I/61qu5sXFVtL._AC_SL1500_.jpg,baopingfushi
UK_B0GGQYGJXW_c240c49078,UK_B0GGQYGJXW,(UK)🇬🇧英国喷雾,"Keyword: Cat Repellent Spray 120ML
Store: tianwen ranshao
remark: Need Text Review",in stock,new,0.00 GBP,https://amzn.to/4rc5OXJ,https://m.media-amazon.com/images/I/61hBGHlCHhL._AC_SL1500_.jpg,tianwen ranshao
UK_B0GJZZ1KRD_fc6111020b,UK_B0GJZZ1KRD,(UK)🇬🇧英国水龙头扳手图评,"Keyword: Tap Spanner
Store: Jason-UK
remark: Need Image Review",in stock,new,0.00 GBP,https://amzn.to/4aZWgbl,https://m.media-amazon.com/images/I/61hCenDFEmL._AC_SX569_.jpg,Jason-UK
UK_B0GLNX7Z19_db495c611f,UK_B0GLNX7Z19,(UK)🇬🇧英国差评,"Keyword: B0GLNX7Z19
Store: AZHE Flagship Store UK
remark: Need Text Review
A one-star negative review is required.",in stock,new,0.00 GBP,https://amzn.to/4gpaUNj,https://m.media-amazon.com/images/I/61nNGK3-F-L._AC_SL1500_.jpg,AZHE Flagship Store UK
UK_B0GLNZ518Z_b0818527c7,UK_B0GLNZ518Z,(UK)🇬🇧英国差评,"Keyword: B0GLNZ518Z
Store: AZHE Flagship Store UK
remark: Need Text Review
A one-star negative review is required.",in stock,new,0.00 GBP,https://amzn.to/4xynvE6,https://m.media-amazon.com/images/I/71w-9YaUJ0L._AC_SL1500_.jpg,AZHE Flagship Store UK
UK_B0GLNZWBDC_549833494b,UK_B0GLNZWBDC,(UK)🇬🇧英国差评,"Keyword: B0GLNZWBDC
Store: AZHE Flagship Store UK
remark: Need Text Review
A one-star negative review is required.",in stock,new,0.00 GBP,https://amzn.to/4x2OmHb,https://m.media-amazon.com/images/I/61fOGN5gC0L._AC_SL1500_.jpg,AZHE Flagship Store UK
UK_B0GVXC4ZYY_3a6c4fddfe,UK_B0GVXC4ZYY,(UK)🇬🇧英国支架,"Keyword: BAOZEE starlink mount
Store: BAOZEE-UK
remark: Need Text Review",in stock,new,0.00 GBP,https://amzn.to/4d3adHI,https://m.media-amazon.com/images/I/61-+jFOOSUL._AC_SX569_.jpg,BAOZEE-UK
UK_B0GW8XJ1XK_c5a8faeed8,UK_B0GW8XJ1XK,(UK)🇬🇧英国乳膏图评,"Keyword: groin itch cream
Store: Yinquiric
remark: Need Image Review",in stock,new,0.00 GBP,https://amzn.to/3S8S2YZ,"https://m.media-amazon.com/images/I/71NqY9RqcDL._AC_SX425_PIbundle-2,TopRight,0,0_SH20_.jpg",Yinquiric
UK_B0H1C8VVWN_5129780a4f,UK_B0H1C8VVWN,(UK)🇬🇧英国充电器支架,"Keyword: Upgraded Type 2 EV Charger Holder
Store: Jason-UK
remark: Need Text Review",in stock,new,0.00 GBP,https://amzn.to/4a1OoGN,https://m.media-amazon.com/images/I/61SXlKMi5TL._AC_SL1500_.jpg,Jason-UK
UK_B0H1M469S6_9a505706ed,UK_B0H1M469S6,(UK)🇬🇧英国红光鼻腔图评,"Keyword: yuantangTangYuan-UK
Store: Red Light Nasal Therapy Device for Sinus Relief
remark: Need Image Review",in stock,new,0.00 GBP,https://amzn.to/4alUKAY,https://m.media-amazon.com/images/I/71AKis+Yp3L._AC_SL1500_.jpg,Red Light Nasal Therapy Device for Sinus Relief
UK_B0H1WVYJVF_1ed2beb83e,UK_B0H1WVYJVF,(UK)🇬🇧英国哨子,"Keyword: dog clicker
Store: Jason-UK
remark: Need Text Review",in stock,new,0.00 GBP,https://amzn.to/4aSt0E2,https://m.media-amazon.com/images/I/61nGsepC5TL._AC_SL1500_.jpg,Jason-UK
UK_B0H25CY4BR_5b5bbe9555,UK_B0H25CY4BR,(UK)🇬🇧英国去除剂,"Keyword: verruca treatment
Store: Jason-UK
remark: Need Text Review",in stock,new,0.00 GBP,https://amzn.to/4edGIUm,https://m.media-amazon.com/images/I/71nLvoiSSDL._AC_SL1500_.jpg,Jason-UK
UK_B0H2F8D83X_385e5b1472,UK_B0H2F8D83X,(UK)🇬🇧英国贴片图评,"Keyword: weight loss patches
Store: Yinquiric
remark: Need Image Review",in stock,new,0.00 GBP,https://amzn.to/3PHUGUZ,https://m.media-amazon.com/images/I/613brx-aUnL._AC_SL1500_.jpg,Yinquiric
UK_B0H3TJPN8W_1d8fa7d13e,UK_B0H3TJPN8W,(UK)🇬🇧英国中继器,"Keyword: WiFi Extender Booster
Store: DSCSKJ-EU
remark: Need Text Review
The product received is the white version.
收到的产品是白色款式",in stock,new,0.00 GBP,https://amzn.to/3UJwmUA,http://154.48.226.28:5001/image/20260820/3ea0008ab57d4293866ab8792d90f7c3.png,DSCSKJ-EU
UK_B0H416LD62_896706f943,UK_B0H416LD62,(UK)🇬🇧英国驱鼠器,"Keyword: https://www.amazon.co.uk/BLUNEXA-Ultrasonic-Repellent-Effective-Cockroach/dp/B0H416LD62
Store: DSCSKJ-EU
remark: Need Text Review",in stock,new,0.00 GBP,https://amzn.to/4vUkywr,https://m.media-amazon.com/images/I/61PzzhRrw6L._AC_SL1500_.jpg,DSCSKJ-EU
UK_B0H41BFV3Q_99c0996b39,UK_B0H41BFV3Q,(UK)🇬🇧英国驱蚊器,"Keyword: https://www.amazon.co.uk/BLUNEXA-Ultrasonic-Repellent-Effective-Cockroach/dp/B0H41BFV3Q
Store: DSCSKJ-EU
remark: Need Text Review",in stock,new,0.00 GBP,https://amzn.to/3Q7RAcT,https://m.media-amazon.com/images/I/51TXylA-bNL._AC_SL1201_.jpg,DSCSKJ-EU
UK_B0H4R2C45B_419a57906a,UK_B0H4R2C45B,(UK)🇬🇧英国驱蚊器,"Keyword: Ultrasonic Pest Repeller
Store: DSCSKJ-EU
remark: Need Text Review
The product received is the white version.
收到的产品是白色款式",in stock,new,0.00 GBP,https://amzn.to/3UJwfbC,http://154.48.226.28:5001/image/20260820/8509af93b9954200823594970cc4f5a5.png,DSCSKJ-EU
UK_B0H4ZXHP5R_74799a281f,UK_B0H4ZXHP5R,(UK)🇬🇧英国情侣游戏图评,"Keyword: couples games
Store: Forena
remark: Need Image Review",in stock,new,0.00 GBP,https://amzn.to/4x9stXE,https://m.media-amazon.com/images/I/61QUgXKKVEL._AC_SL1500_.jpg,Forena
UK_B0H79FZ358_85dba18eb0,UK_B0H79FZ358,(UK)🇬🇧英国驱赶器,"Keyword: squirrel repellent
Store: DSCSKJ-EU
remark: Need Text Review
These are the same type of products customers actually received, only different in color or shape
收到的产品颜色会不同",in stock,new,0.00 GBP,https://amzn.to/4fzMRcY,https://m.media-amazon.com/images/I/71rTHMA1H4L._AC_SX679_.jpg,DSCSKJ-EU
UK_B0H8D44CS3_60261edf6b,UK_B0H8D44CS3,(UK)🇬🇧英国电视天线,"Keyword: indoor tv aerial
Store: XIAMENGUIYUMAOYIYOUXIANGONGSI
remark: Need Text Review",in stock,new,0.00 GBP,https://amzn.to/4cs2AKi,https://m.media-amazon.com/images/I/6142wX5XQbL._AC_SL1500_.jpg,XIAMENGUIYUMAOYIYOUXIANGONGSI
UK_B0H8D4Z57Y_d4e0fafd2b,UK_B0H8D4Z57Y,(UK)🇬🇧英国电视天线,"Keyword: indoor tv aerial
Store: XIAMENGUIYUMAOYIYOUXIANGONGSI
remark: Need Text Review",in stock,new,0.00 GBP,https://amzn.to/4inQVzN,https://m.media-amazon.com/images/I/71UyrW0+DWL._AC_SL1500_.jpg,XIAMENGUIYUMAOYIYOUXIANGONGSI
UK_B0H8F36Y92_ab4a3337de,UK_B0H8F36Y92,(UK)🇬🇧英国驱蚊器,"Keyword: ultrasonic pest repeller plug in
Store: XIAMENGUIYUMAOYIYOUXIANGONGSI
remark: Need Text Review",in stock,new,0.00 GBP,https://amzn.to/4zRwZMg,https://m.media-amazon.com/images/I/71CLlMsfQdL._AC_SL1500_.jpg,XIAMENGUIYUMAOYIYOUXIANGONGSI
UK_B0HCB4F9BH_9ab0df5bf6,UK_B0HCB4F9BH,(UK)🇬🇧英国驱蚊,"Keyword: Upgraded Ultrasonic Pest Repeller
Store: Contour Guard Co.
remark: Need Text Review",in stock,new,0.00 GBP,https://amzn.to/3U0gJYD,https://m.media-amazon.com/images/I/61z7JtIqWcL._AC_SL1481_.jpg,Contour Guard Co.
UK_B0HCB7NP9F_592e14bc84,UK_B0HCB7NP9F,(UK)🇬🇧英国驱赶器,"Keyword: Best Cat Repellent
Store: Noble Choice Emporium
remark: Need Text Review",in stock,new,0.00 GBP,https://amzn.to/4wVbU0N,https://m.media-amazon.com/images/I/71Isywhl86L._AC_SL1500_.jpg,Noble Choice Emporium
UK_B0HCBBJ3Y9_164d40761e,UK_B0HCBBJ3Y9,(UK)🇬🇧英国驱赶器,"Keyword: Best Cat Repellent
Store: Noble Choice Emporium
remark: Need Text Review",in stock,new,0.00 GBP,https://amzn.to/4hI4x8W,https://m.media-amazon.com/images/I/71Isywhl86L._AC_SL1500_.jpg,Noble Choice Emporium
UK_B0HCBJHDGF_038f1f6f53,UK_B0HCBJHDGF,(UK)🇬🇧英国驱蚊,"Keyword: Upgraded Ultrasonic Pest Repeller
Store: Vélonté Collective
remark: Need Text Review",in stock,new,0.00 GBP,https://amzn.to/45e6W3G,https://m.media-amazon.com/images/I/61z7JtIqWcL._AC_SL1481_.jpg,Vélonté Collective
UK_B0HCC3RWCQ_6790fc1fbb,UK_B0HCC3RWCQ,(UK)🇬🇧英国驱赶器,"Keyword: 360° plug in mouse ultrasonic repeller
Store: Nobelea
remark: Need Text Review",in stock,new,0.00 GBP,https://amzn.to/4wRpUbM,https://m.media-amazon.com/images/I/71ekDKfxBXL._AC_SX679_.jpg,Nobelea
